label,text
spam,Limited-time offer! Double your investment in 15 days. Call now.
spam,Your subscription payment failed. Update billing info to continue.
spam,Verify your phone number now to avoid service interruption.
,
ham,Alert: Suspicious account activity detected. Verify your info immediately.
,
ham,Sorry i'm not free...
ham,Your insurance claim has been approved. Contact us for details.
ham,"Transferred 5,000 BDT for the project materials. Inform me when it arrives"
ham,Your mobile recharge of 20 taka is successful. Thank you for your payment.
ham,"Mom sent 1,200 BDT through Rocket. Check if it reflects in your balance"
spam,Claim your free cashback of $250 today by entering your card details
ham,Thank you for registering for the webinar. We will email the link soon.
ham,"Reminder: Electricity bill payment of BDT 3,500 is due tomorrow."
spam,"Exclusive loan offer of $10,000 with no credit check. Apply before midnight"
ham,"Can you send 2,300 BDT by evening? Need to settle an urgent bill"
spam,"You are eligible to claim a BDT 3,000 bonus from your telecom operator."
ham,A new login to your account was detected from an unknown device. Secure your login now.
spam,Your online account will be suspended soon. Verify credentials now.
spam,"Earn BDT 2,000 daily working from home. Register now!"
spam,Claim your loan approved by sending OTP immediately.
spam,"Your account is at risk, immediate action required."
ham,Your cab driver will arrive in 10 minutes.
ham,Don't forget to bring the documents for tomorrow's meeting
ham,Your recent payment of BDT 1500 was successful
spam,Claim your mystery gift by sending a reply with your full name and address.
spam,"Your lottery ticket won BDT 1,00,000. Send your details for prize delivery."
ham,Your electricity meter reading is due. Please pay your bill of BDT 2500.
spam,Update your bank details now to avoid service disruption.
,
ham,Your package delivery is scheduled for tomorrow. Track here: tracking-link.com
ham,Your subscription will expire tomorrow. Renew to continue service.
ham,BDT 100 recharge completed successfully.
spam,Congratulations! You’re pre-qualified for a credit card with a $5000 limit. Apply now.
spam,"Suspicious withdrawal of BDT 25,000 detected. Please verify with OTP now."
,
ham,Your Netflix subscription has been renewed. Thank you for staying with us.
ham,"Sent the advance booking amount of 5,500 BDT. Please reserve the slot"
spam,You won an exclusive holiday package. Contact us immediately to claim.
ham,"Team meeting is rescheduled to 3 PM, please confirm your availability."
spam,"Claim your government relief fund of BDT 30,000. Submit your documents today."
ham,Thank you for your recent purchase. Your order #12345 will arrive soon.
spam,"Claim your government grant of BDT 12,000 now."
ham,Your online subscription has been renewed. Thank you!
ham,Your parcel has been dispatched. Track with tracking number XYZ123.
spam,You have unclaimed cashback waiting. Submit your details to claim it immediately.
spam,ANSWER FOR FREE!You have been chosen to participate in our Loyalty Program for FREE! It will take you only a minute to receive this fantastic prize.
ham,I refunded the extra 850 BDT you sent earlier. Please recheck your balance
spam,Your loan application was approved. Submit documents to receive payment.
ham,Can you return the 1000 BDT I lent you last week? Need it urgently
spam,"Warning! Suspicious login detected, confirm your identity with OTP."
spam,Alert: Suspicious login attempt on your email account. Secure it immediately.
ham,Your mobile data has been recharged with 2GB. Enjoy surfing.
spam,"Claim your BDT 15,000 bonus credits from our new app by signing up now."
spam,You won a free vacation to the Bahamas! Reply YES to claim your prize.
spam,Alert! Unauthorized login attempt detected. Confirm with OTP immediately.
ham,New message from support team. Check your inbox for details.
spam,Update your password immediately to safeguard your account.
ham,Can you share the bank details for transferring the rent money?
spam,Limited stock: Get gold savings account with 5x bonus interest. Activate through special code
spam,Your bank account is locked. Verify now to regain access.
spam,Claim your free ticket for the concert happening near you this weekend.
ham,Your online shopping order #78654 is confirmed and will be delivered soon.
spam,Fake urgent message: You owe BDT 500 for missed payment. Pay now.
ham,Monthly subscription payment received. Thank you for your service usage.
spam,Claim your refund for the recent transaction now before the offer expires.
ham,I paid the hotel booking charge via Visa. Check the confirmation email
ham,"BDT 15,000 payment received from your account."
spam,Urgent payment required: Your credit card bill of BDT 7000 is overdue. Pay now to avoid fees
spam,Urgent notification: Loan recovery team assigned to your case. Clear dues to avoid legal visit
spam,"Security alert: Suspicious transaction of 4,500 BDT detected on your card. Approve or decline immediately"
ham,Your online order is ready. View details here.
ham,Your electricity bill for this month is BDT 2900. Please pay by the due date.
spam,Immediate action required to prevent permanent block on your debit card. Confirm identity at verify-mybank.net
ham,"Payment of BDT 2,500 received successfully. Thank you for your payment."
ham,"I transferred 4,800 BDT for the exam fees. Please verify if it reached your account"
ham,Monthly subscription paid successfully.
spam,Exclusive offer: Double your money in 30 days with our secret scheme.
spam,Claim your cashback reward #10 now! Limited time offer.
,
,
ham,"New offers available, accept today!"
ham,Your Uber ride has been confirmed for 3 PM today.
spam,"Warning: Suspicious activity detected, confirm via OTP now."
ham,Friend request from Raisa Moni.
ham,Your monthly mobile recharge of BDT 600 was successful.
spam,Congratulations! You won a free iPhone. Claim now at secure-link.com
spam,Your gaming account has been hacked. Change your password immediately.
ham,"Company salary transfer of 45,000 BDT processed today. Payslip sent to your inbox"
ham,"Your online order payment of 2,750 BDT is successfully received. Thank you"
spam,Your debit card ending 1234 has been temporarily blocked for suspicious activity.
spam,Limited-time offer! Double your money in 7 days. Invest now.
ham,"The vendor confirmed receipt of 22,000 BDT. Delivery will be dispatched tomorrow"
spam,Earn BDT 3000 daily working from home. Register now.
spam,"Your Tax Refund of 20,000 BDT is pending. Submit your details to receive it instantly"
ham,You’ve earned BDT 1500 cashback on your last grocery purchase.
spam,"Fraudulent transaction detected, provide OTP."
spam,Congratulations! You have been selected to get an exclusive reward! Your name came up for a YETI War Survival Kit. This special gift is from Tractor Supply. Hurry up! Your Reward is Ready
spam,Congratulations! You have been pre-approved for a loan. Apply now to get instant approval.
spam,Urgent: Your loan approval is pending. Submit documents to proceed.
ham,Your scheduled payment will be processed tomorrow.
ham,Your subscription has been renewed successfully.
spam,Secure your account now! OTP sent to your registered contact.
spam,Urgent! Confirm your credit card details to avoid suspension.
spam,It’s your last chance to claim your cashback. Act now!
spam,Your credit card has been temporarily blocked. Reactivate by verifying your PIN.
spam,"Exclusive crypto investment opportunity: Deposit $200 to earn $1,500 monthly. Limited seats"
ham,Your electricity payment of BDT 2200 was successful.
spam,Your subscription is about to expire. Renew now for uninterrupted service.
spam,Last chance! Clear your loan dues now to avoid legal action
spam,"Claim your BDT 7,500 insurance payout by contacting us immediately."
ham,Beware of strangers asking for your financial details over chat or SMS.
ham,"Invoice INV-3321 for 18,750 BDT has been paid and receipt uploaded to your email"
spam,Your loan approved! Send your personal details to receive funds.
ham,Reminder: Doctor appointment scheduled for tomorrow at 9:30 AM.
spam,Claim your prize by verifying your phone number within 2 hours.
spam,Free smartphone giveaway for lucky winners. Reply to participate.
ham,Client sent the 40% advance today. Check the bank statement
ham,Your subscription to Sports Daily renewed successfully. Enjoy your exclusive content!
ham,Can you send me your notes for today's class?
ham,"Your account balance is BDT 8,200."
spam,Your electricity bill of BDT 3000 is overdue. Pay now to avoid cut-off.
spam,Your debit card has been blocked.
spam,Urgent! Update your bank details to continue service.
spam,Get a free Amazon voucher by completing this survey now.
ham,"Reminder: Your scheduled BDT 12,000 bill payment will process tomorrow."
spam,"Final notice: Claim your government grant of BDT 10,000 within 24 hours"
spam,"You are shortlisted for a high-return investment program. Invest $200 to get $2,000 monthly returns. Limited seats"
ham,"Please approve the 12,500 BDT payment request I sent on Payoneer."
ham,Your mobile recharge of BDT 500 was successful.
ham,"Shared the invoice for last month. Please approve payment of 22,500 BDT by Friday"
spam,Your credit score has been upgraded. Unlock premium loan access with zero documentation
ham,"I sent 1,800 BDT to settle the grocery expenses. Let me know if it’s received"
ham,Your water bill of BDT 1200 has been paid successfully.
spam,"Your account has been suspended, verify OTP now!"
spam,PayPal alert: Unverified login attempt blocked. Recover account before suspension
spam,Your job application was successful! Reply to claim your position
ham,"Your OTP is 789654, keep it confidential to secure your account."
spam,Limited-time deal: Buy now and get 50% discount on all products.
spam,New investment opportunity: Guaranteed 30% monthly returns.
ham,Your recent grocery order #78345 has been delivered. Enjoy your purchase!
spam,Your Apple ID has been temporarily disabled. Verify now to avoid permanent lockout
ham,"Paid the electricity bill of 1,250 BDT today. Please check if it cleared"
ham,"Reminder: Utility bill of 1,250 BDT due tomorrow. Please pay to avoid late fee"
ham,"Received 1,100 BDT on Rocket just now. Sending receipt shortly"
ham,"Payment confirmation: Received 4,200 BDT for the event booking. Thanks for the prompt payment"
ham,"Your BDT 2,000 refund has been processed successfully."
ham,Your package has been shipped. Track your delivery at this link.
ham,"Your recent transaction of BDT 7,500 has been verified"
ham,"Final payment of 12,600 BDT processed successfully. Kindly send delivery schedule"
ham,Refund of 100 taka has been processed to your account.
spam,"Dear user, update your payment info to avoid account suspension. Click the link now."
ham,Thank you for your recent payment of BDT 3000.
ham,Your food delivery order has arrived. Enjoy your meal!
ham,Your credit card limit has been increased. Check details in app.
spam,Verify your Apple ID to prevent permanent lockout. Ignore if you did not request.
spam,Your cloud storage is full. Please take action to free up space. Cloud Storage – Storage Limit Reached Your storage reached 100%
ham,Your medical insurance claim has been processed successfully.
spam,Final reminder: Your pending tax fee of $260 must be cleared to avoid penalty
spam,Security alert: Your debit card shows suspicious activity. Confirm transaction immediately
spam,Send your OTP to claim your prize!
spam,Your insurance refund of $350 is ready. Complete verification before it expires
spam,Alert! Unrecognized device logged in to your account. Verify immediately.
spam,Congratulations! Claim your reward by submitting OTP within 10 minutes.
ham,Your subscription has been renewed successfully. Thank you.
spam,You have a new message from the lottery office. Claim your winnings ASAP.
ham,"I transferred 5,500 BDT for the office stationery. Confirm receipt"
spam,Bank Alert: Your account will be locked due to pending verification.
ham,Payment of 2500 taka received. Thanks for banking with us
ham,Your appointment with Dr. Rahman has been confirmed for tomorrow.
spam,Update your account details to avoid suspension.
ham,Your flight to Chittagong is on schedule for 10 AM tomorrow. Have a safe trip!
spam,Last chance: Provide OTP to claim your prize money now.
spam,"Immediate action needed! Unrecognized device logged in, confirm with OTP now."
spam,"Claim instant loan approval up to BDT 50,000. Send your documents to proceed."
spam,Congratulations! Your subscription is upgraded. Click to confirm
spam,"Your loan payment of BDT 10,000 is overdue. Please pay immediately to avoid penalties."
ham,Event reminder: Music concert tonight at 7 PM at City Arena.
ham,Your parcel #XZ1234 is ready for pickup at the post office.
spam,Security alert: Multiple failed login attempts on your wallet. Restore access now
ham,"Client has deposited 50,000 BDT today. Update your records accordingly"
ham,Your account balance is low. Add funds to continue service.
spam,Government relief fund available for selected citizens. Register to receive $500 instantly
ham,"Sent advance payment of 15,000 BDT for the event hall booking. Await confirmation"
ham,Your KYC verification is complete. Thank you for your cooperation.
spam,Urgent! Your login was from an unknown device. Confirm your identity now.
ham,Do you want to join the study group this evening?
spam,"Your account suspended, verify OTP now!"
spam,Get 200% return by investing just $100 in our crypto program. Limited seats!
spam,"Exclusive: Instant credit limit increase to $3,000 available. Click link to accept the offer now"
spam,Claim your tax refund by uploading your financial documents immediately.
spam,Claim your prize money worth BDT 5000 by sending your bank details now.
ham,Your online subscription has been renewed successfully
ham,Your monthly gym subscription has been renewed. Thank you.
ham,"I transferred the rent 12,000 BDT to your account. Check and tell me if it cleared"
spam,"OTP validation required to complete your BDT 20,000 transfer."
spam,Congratulations! You've won a free gift card. Click now to claim.
ham,"Rent of 9,000 BDT paid via Nagad. Let me know if it shows pending"
ham,"Your bank transfer of BDT 10,000 has been successfully processed"
spam,"Immediate payment required for customs clearance. Pay BDT 5,000 now."
spam,Your package delivery is delayed. Track now at this fake link.
spam,Limited time offer: Upgrade your plan now and save 30%.
spam,"You are selected for government subsidy. Verify details to claim BDT 15,000."
spam,Your BDT 4000 electricity bill has been paid. Thank you for your payment.
ham,Your online order has been shipped successfully.
spam,Account locked! Provide OTP now to unlock your account.
spam,Urgent: Your bank account has been flagged for multiple failed login attempts. Verify now to avoid freeze
spam,Warning: Suspicious transaction detected. Verify your identity immediately.
spam,Your debit card transaction of 5000 taka was declined. Contact support.
ham,"Sent 2,500 BDT via bKash just now. Please confirm when you get it"
ham,Your ticket to the concert is confirmed. Thank you for your purchase.
spam,BIG BROTHER ALERT! The computer has selected u for 10k cash or #150 voucher. Call +8801906401883. NTT PO Box CRO1327 18+ BT Landline Cost 150ppm mobiles vary
spam,Claim your prize money by paying a small processing fee at the link below
ham,Your package #ZX12345 is out for delivery. Track it using our app.
spam,Win ₹5000 instantly! Verify your account at rewardsite.com
spam,Loan approved! Send your details to receive funds today.
ham,"I sent 3,700 BDT for groceries via bKash. Let me know once it reaches"
ham,"I transferred 2,800 BDT for the monthly internet bill. Check and confirm receipt"
ham,Your software update is ready to install. Proceed now.
spam,Final notice: Overdue loan amount of $850 must be cleared or legal action will follow. Click to resolve
spam,Alert: Unrecognized login attempt detected on your email. Secure your account now.
spam,Warning! Unauthorized access attempt detected. Verify with OTP now.
ham,OTP verification failed. Please try again.
ham,Payment of BDT 3800 received. Thank you for your payment to ABC Store
spam,Congratulations! You have been selected for a $5000 government loan with 0% interest. Apply now!
ham,"Your OTP is 8741, do not share it with anyone."
spam,Congratulations! You have won a prize. Send OTP to claim your reward.
spam,"Final notice! Claim your BDT 10,000 insurance payout today."
ham,Thank you for your charitable donation of BDT 1000. Your kindness is appreciated.
spam,Join our online trading platform for guaranteed profits.
spam,Congratulations! You are selected for a free iPhone. Claim by replying with your address.
ham,"Paid the school fees of 12,500 BDT today. Please acknowledge"
ham,Your recent transaction of BDT 4200 was successfully processed.
spam,"Limited offer: Apply for an instant $1,500 payday loan without credit check"
spam,"Congratulations! You are selected for a $2,000 investment bonus. Submit details to claim"
ham,"Your taxi will arrive in 7 minutes. Driver: Saiful, Car: Blue Toyota."
ham,Your electricity bill of BDT 1500 is due tomorrow. Please pay on time.
ham,Your parcel #YZ6789 will be delivered today. Track live through our app
ham,Your parcel #A7821 was successfully delivered. Thank you for shopping with us.
spam,"Your bank flagged a transaction of $1,250. Verify at securebank-verify.com within 24 hours to avoid suspension"
spam,"BDT 35,000 loan approved. Confirm by sending OTP within 10 minutes."
ham,"I repaid the 2,300 BDT loan you gave last week. Please confirm"
spam,Your debit card has been temporarily blocked due to suspicious activity.
ham,Your electricity bill of BDT 800 is due tomorrow.
spam,Earn $300 per day without investment. Just forward messages!
ham,"Your mobile recharge was successful, thank you."
spam,Warning! Suspicious activity detected. Change your credentials now.
ham,Your account balance is BDT 7000. Thank you for banking with us.
spam,Urgent: Claim compensation for delayed delivery by visiting this link.
spam,Earn BDT 3000 daily from home. Register now!
ham,"Client transferred 65,000 BDT this morning. Update the balance sheet"
ham,Thank you for using our service.
ham,"Salary of 45,000 BDT has been credited. Check your payroll slip"
ham,"Your BDT 10,000 wallet transfer was successful. Thank you for using our service."
ham,How. Its a little difficult but its a simple way to enter this place
spam,Warning: Suspicious activity in your account. Verify using your OTP immediately.
spam,Congratulations! Claim your exclusive shopping voucher by replying with YES.
spam,Congratulations! You’ve won a holiday trip. Reply to claim.
ham,Your food delivery has arrived. Please collect it.
ham,Payment reminder: Your internet bill of BDT 1200 is due.
ham,Reminder: Doctor’s appointment tomorrow at 10 AM
spam,Important: Your account verification is pending. Please provide OTP.
spam,Alert: Unusual login detected on your PayPal. Confirm identity to prevent account hold
spam,"Congratulations, you have been pre-approved for an instant $5,000 loan. Apply here to receive funds within 24 hours"
ham,Your bank statement is ready. Download your PDF here.
ham,"I have paid the supplier 30,000 BDT via bank transfer; please confirm delivery schedule"
ham,Enjoy 20% discount on your next purchase. Use code SAVE20.
ham,Reminder: Your flight booking to Dhaka is scheduled for tomorrow at 6 AM.
spam,Verify your identity by entering the OTP sent to your mobile to continue transactions.
ham,Your mobile recharge of BDT 350 was processed successfully.
ham,Thank you for your donation of BDT 500. Your generosity is appreciated.
ham,"I will return your 1,500 BDT tomorrow once my salary arrives"
spam,"Claim your free BDT 5,000 reward now by clicking this link before it expires!"
ham,"Just sent 3,200 BDT to your account for the utility bills. Please check and confirm"
ham,"Salary credited: 35,000 BDT has been deposited to your account"
ham,Please ignore unknown SMS.
spam,Your bank loan has been approved. Send documents to finalize.
ham,Your account balance is adequate.
ham,Do not share your bank details with anyone.
ham,Let's meet at the cafe around 8 PM?
ham,Your cab driver is on the way and will arrive in 5 minutes.
ham,Package delivered! Track it anytime using tracking number #12345.
spam,Our records show suspicious activity in your account. Contact support.
spam,"Loan for any purpose 500 tk- 75,000tk. Homeowners + Tenants welcome. Have you been previously refused? We can still help. Call Free +880 1956669 or text back 'help'"
ham,Thank you for your recent bank deposit of BDT 5000.
spam,Final notice: Update your billing info or your mobile service will be suspended.
spam,Congratulations! You won a prize. Please send OTP to claim.
spam,Confirm your bank details now to avoid loan application cancellation.
spam,Urgent: Verify your email by clicking the verification link within 24 hours.
ham,Your cab driver will arrive in 5 minutes. Please be ready
ham,Salary allowance of $120 added separately. Check your payroll slip
spam,"Your recent login was from a new device. If not you, verify with OTP."
spam,Reward claim: Your tax refund of $420 is pending. Submit bank details to process immediately
ham,Your health insurance claim has been approved. Contact for details.
ham,Avoid fake schemes promising overnight wealth. Stay cautious.
spam,bKash: You received 2000 BDT. Click here to confirm your account
ham,Settled the vendor payment through bank draft just now. Awaiting your acknowledgment
ham,Your food order from FoodieApp is delivered. Enjoy your meal!
ham,Your BDT 3000 utility bill has been paid successfully.
ham,Your electricity bill payment of BDT 2600 was successful.
spam,Urgent: Verify your identity to avoid account closure. Click this link now.
spam,"Claim your cash reward of BDT 10,000 now. Send your bank details to proceed."
spam,"Your lottery reward of $1,200 is pending. Submit bank details to claim before deadline"
ham,Sent the advance payment of $200 via Wise. Check your email for confirmation
spam,Secure your future with our pension plan. Enroll today!
ham,"I sent the freelance payment of $150 via Payoneer. Check and confirm receipt, please"
ham,Your order #5678 has been processed and shipped.
ham,Your hotel booking confirmation #12345 for 3 nights in London.
ham,You have successfully booked a taxi for 9 AM tomorrow.
spam,New job opportunity with high salary. Send your CV to apply immediately.
ham,Your parcel #AB123 is out for delivery.
spam,Exclusive: Unlock a high-yield savings account with 5% bonus interest. Apply now
spam,Verify your email address by clicking this link.
spam,"Last chance to claim your cashback offer worth BDT 5,000. Verify now."
ham,"You've received BDT 1,000 cashback from your last purchase"
ham,Your BDT 2000 payment has been received. Thank you for using our service.
spam,Immediate action required! Suspicious login detected. Confirm your password.
spam,Enjoy Annual Fee Waiver on Your Medical Quota Debit Card for Safe and Convenient Payment Abroad!
spam,"Last chance to claim your cashback offer worth BDT 10,000!"
ham,Please ignore any unknown messages pretending to be your bank.
spam,Claim your loan approved by sending OTP.
spam,"Important: Claim your tax refund of BDT 8,000 today via this link"
ham,Your recent online purchase has been shipped successfully.
ham,"The rent of 8,500 BDT has been transferred. Please send acknowledgment"
spam,Win a brand new iPhone 15 by paying just $5 registration fee!
ham,"Your OTP code expires in 5 minutes, do not share"
spam,Your PayPal account is under review due to suspicious activity. Confirm identity immediately
ham,Payment of BDT 5000 received. Thank you for your timely payment.
ham,Payment received successfully.
ham,"Paid the tuition installment of 15,000 BDT today. Please confirm on your side"
spam,"Congratulations, your wallet has been credited with $700 bonus. Activate reward using secure link"
